plan-prefix,username,password,account
idd,TEST_DJUY95T5IH,Newton@123,583665384
idd,TEST_LAQLEAQ98A,Newton@123,581226695
idd,TEST_EO7WXTZE5I,Newton@123,581826092
idd,TEST_PZH06EX2R8,Newton@123,586640706
idd,TEST_YIZ09IR4Q8,Newton@123,589740200
idd,TEST_RG079FSVSE,Newton@123,589940104
ild,TEST_O4MVSRE2DZ,Newton@123,A97127823
kyd,TEST_UTBZ2WU2NR,Newton@123,852100707
idd,TEST_RP3VX9F3I4,Newton@123,589440808
idd,TEST_470B83ZJUN,Newton@123,587002676
nmd,TEST_IYFGCO1TM9,Newton@123,966645889
idd,TEST_O6XIS7IZM5,Newton@123,585838847
idd,TEST_MN34B2HVOK,Newton@123,588993951
idd,TEST_Q2B52OAIH3,Newton@123,585838147
idd,TEST_VQQ2DOH31K,Newton@123,580471131
idd,TEST_1KO62WWXTW,Newton@123,580971837
kyd,TEST_8LS6F6ZT4B,Newton@123,857299316
idd,TEST_OQI8Z052MN,Newton@123,587902370
idd,TEST_IR5FWYS338,Newton@123,581926192
kyd,TEST_8C797TSYQR,Newton@123,852100907
idd,TEST_SMB0JHS67S,Newton@123,581626895
idd,TEST_0UHF2ZKOGY,Newton@123,583665086
idd,TEST_QEC37TCN5W,Newton@123,586919910
idd,TEST_BYQX7JXFDW,Newton@123,589040508
idd,TEST_WFMI057DVI,Newton@123,583865785
mdd,TEST_DWME9NLZOH,Newton@123,A60022472
idd,TEST_QJB1SEQGP7,Newton@123,584457127
idd,TEST_4P6L1RTJ21,Newton@123,589340204
idd,TEST_R497A52ZNY,Newton@123,588793159
idd,TEST_AF3DM80YWC,Newton@123,584977320
idd,TEST_WGK5EPV0GS,Newton@123,581626095
idd,TEST_BWDYD9W9ND,Newton@123,581626795
idd,TEST_BY65IYA38U,Newton@123,584657627
idd,TEST_36JUAXEYFI,Newton@123,582884363
idd,TEST_AWCMGW9EUC,Newton@123,584257122
idd,TEST_B14T26RCMV,Newton@123,585638343
idd,TEST_1JBX723T7G,Newton@123,585638348
idd,TEST_179EDPIM6F,Newton@123,587202476
idd,TEST_4F4V1Y13UZ,Newton@123,580771039
idd,TEST_C3L7K1JF74,Newton@123,585738647
idd,TEST_IUWQ5T327S,Newton@123,580571137
idd,TEST_8KAJR17LD4,Newton@123,585538648
idd,TEST_PRMI088MDM,Newton@123,585538848
idd,TEST_5EB6ZSYC2D,Newton@123,587202376
kyd,TEST_3S4RJWVKQX,Newton@123,852900809
idd,TEST_CAT55SG1SA,Newton@123,588993051
idd,TEST_9O2DEQ0OWZ,Newton@123,580471731
idd,TEST_H675CBRNCW,Newton@123,581265588
idd,TEST_NOSVMT87KW,Newton@123,584057127
idd,TEST_NTZDAWD3PG,Newton@123,581926792
idd,TEST_758W3YMCHS,Newton@123,587102970
