relative_path,file_size,modified_timestamp,duplicate_hash,planned_action,reason
up-coverage-metrics-finalization-pack-v2.zip,14925,2026-06-26T16:49:44.134374,a1af069c62c51744,archive,pre-rebuild inventory
up-coverage-metrics-kit.zip,9372,2026-06-26T16:24:22.942782,9b2a1f4531b8debf,archive,pre-rebuild inventory
03-tools/rebuild_project.py,56961,2026-06-29T10:30:50.740273,dc03980031f9a482,archive_or_remove,pre-rebuild inventory
up-coverage-metrics-kit/output/00-source-inventory.md,7725,2026-06-26T16:35:52.229201,8bb63d8e0d661154,archive_or_remove,pre-rebuild inventory
up-coverage-metrics-kit/output/01-domain-mapping.md,7946,2026-06-26T16:36:21.396646,05261158fc59776a,archive_or_remove,pre-rebuild inventory
up-coverage-metrics-kit/output/02-coverage-matrix.md,5449,2026-06-26T16:36:46.283696,65c1772bb6e16b01,archive_or_remove,pre-rebuild inventory
up-coverage-metrics-kit/output/03-gap-analysis.md,5852,2026-06-26T16:37:11.235798,b0d318e2309e1a14,archive_or_remove,pre-rebuild inventory
up-coverage-metrics-kit/output/04-kevin-response-draft.md,4887,2026-06-26T16:37:28.866588,789de12f99170059,archive_or_remove,pre-rebuild inventory
up-coverage-metrics-kit/output/05-review-notes-for-nick.md,2086,2026-06-26T16:37:36.568966,353eac4eb498f2f5,archive_or_remove,pre-rebuild inventory
up-coverage-metrics-kit/output/06-cursor-self-audit.md,4805,2026-06-26T16:37:54.754115,9bd96f2437b2d765,archive_or_remove,pre-rebuild inventory
up-coverage-metrics-kit/up-coverage-metrics-kit/README.md,360,2026-06-26T16:25:21.987161,cee4a644d9850cbb,archive_or_remove,pre-rebuild inventory
up-coverage-metrics-kit/up-coverage-metrics-kit/AHA PDF/ACS-I-2679 Universal Platform Test Automation – Enrollment Domain.pdf,522977,2026-06-26T15:42:32.855465,a3b7dba5c31c4ed1,retain_in_new_structure,pre-rebuild inventory
up-coverage-metrics-kit/up-coverage-metrics-kit/AHA PDF/ACS-I-2680 Universal Platform Test Automation – IDP Domain.pdf,521621,2026-06-26T15:43:12.887253,31e3c17213eba408,retain_in_new_structure,pre-rebuild inventory
up-coverage-metrics-kit/up-coverage-metrics-kit/AHA PDF/ACS-I-2681 Universal Platform Test Automation – ABLE Domain.pdf,526829,2026-06-26T15:43:28.876588,d454f3d82e5d50f5,retain_in_new_structure,pre-rebuild inventory
up-coverage-metrics-kit/up-coverage-metrics-kit/AHA PDF/ACS-I-2682 Universal Platform Test Automation – Angular Domain.pdf,510573,2026-06-26T15:44:06.567720,423aa57a76b33798,retain_in_new_structure,pre-rebuild inventory
up-coverage-metrics-kit/up-coverage-metrics-kit/AHA PDF/ACS-I-2690 Universal Platform Test Automation - Withdrawal Domain.pdf,514928,2026-06-26T15:44:21.556047,ae5ac04edbba82a0,retain_in_new_structure,pre-rebuild inventory
up-coverage-metrics-kit/up-coverage-metrics-kit/docs/01-solution-plan.md,1153,2026-06-26T16:25:22.290362,5b8cff6c1ed0326a,archive_or_remove,pre-rebuild inventory
up-coverage-metrics-kit/up-coverage-metrics-kit/Gitlab V2 Job Log/QAAuto_UniteRegression_Daily_Report.PDF,2310506,2026-06-29T08:37:38.896471,4bbc40895221f405,retain_in_new_structure,pre-rebuild inventory
up-coverage-metrics-kit/up-coverage-metrics-kit/Gitlab V2 Job Log/V2 Jenkins Job extract full output.txt,641834,2026-06-29T08:53:01.540453,9d6adcfc6929fb67,retain_in_new_structure,pre-rebuild inventory
up-coverage-metrics-kit/up-coverage-metrics-kit/Gitlab V2 Job Log/V3 job latest log.txt,4151214,2026-06-26T17:02:57.528178,906e5daa120ee4ca,retain_in_new_structure,pre-rebuild inventory
up-coverage-metrics-kit/up-coverage-metrics-kit/Gitlab V2 Job Log/V3 UE TestNG reports_files.html,3391854,2026-06-29T08:39:36.182054,3e7f21e2b8786f7e,retain_in_new_structure,pre-rebuild inventory
up-coverage-metrics-kit/up-coverage-metrics-kit/Gitlab V2 Job Log/V3 Unite TestNG reports.html,1110044,2026-06-29T08:40:50.761155,5069b1539c4a924e,retain_in_new_structure,pre-rebuild inventory
up-coverage-metrics-kit/up-coverage-metrics-kit/Gitlab V2 Job Log/V3 UE TestNG reports_files/collapseall.gif,157,2026-06-29T08:39:30.282554,beb0bcad17d652fa,retain_in_new_structure,pre-rebuild inventory
up-coverage-metrics-kit/up-coverage-metrics-kit/Gitlab V2 Job Log/V3 UE TestNG reports_files/failed.png,977,2026-06-29T08:39:31.153919,af41cabfe9d730d4,retain_in_new_structure,pre-rebuild inventory
up-coverage-metrics-kit/up-coverage-metrics-kit/Gitlab V2 Job Log/V3 UE TestNG reports_files/format.css,1293,2026-06-29T08:39:25.312068,e96f82f5743dccc9,retain_in_new_structure,pre-rebuild inventory
up-coverage-metrics-kit/up-coverage-metrics-kit/Gitlab V2 Job Log/V3 UE TestNG reports_files/jquery-3.6.0.min.js.download,89501,2026-06-29T08:39:18.820249,ff1523fb7389539c,retain_in_new_structure,pre-rebuild inventory
up-coverage-metrics-kit/up-coverage-metrics-kit/Gitlab V2 Job Log/V3 UE TestNG reports_files/jsapi,62428,2026-06-29T08:39:20.618090,369ae154eab37b7a,retain_in_new_structure,pre-rebuild inventory
up-coverage-metrics-kit/up-coverage-metrics-kit/Gitlab V2 Job Log/V3 UE TestNG reports_files/jsapi_compiled_default_module.js.download,269363,2026-06-29T08:39:26.314389,7e7e72eecf6a4fb2,retain_in_new_structure,pre-rebuild inventory
up-coverage-metrics-kit/up-coverage-metrics-kit/Gitlab V2 Job Log/V3 UE TestNG reports_files/jsapi_compiled_graphics_module.js.download,24811,2026-06-29T08:39:27.281767,9ad0d8bf9e4659eb,retain_in_new_structure,pre-rebuild inventory
up-coverage-metrics-kit/up-coverage-metrics-kit/Gitlab V2 Job Log/V3 UE TestNG reports_files/jsapi_compiled_table_module.js.download,2851,2026-06-29T08:39:29.232592,b95e88aa3ddbfb9e,retain_in_new_structure,pre-rebuild inventory
up-coverage-metrics-kit/up-coverage-metrics-kit/Gitlab V2 Job Log/V3 UE TestNG reports_files/jsapi_compiled_ui_module.js.download,519614,2026-06-29T08:39:28.348456,0867ee1df230c80d,retain_in_new_structure,pre-rebuild inventory
up-coverage-metrics-kit/up-coverage-metrics-kit/Gitlab V2 Job Log/V3 UE TestNG reports_files/loader.js.download,49299,2026-06-29T08:39:21.523365,15f9c7dcb6d3f3fd,retain_in_new_structure,pre-rebuild inventory
up-coverage-metrics-kit/up-coverage-metrics-kit/Gitlab V2 Job Log/V3 UE TestNG reports_files/passed.png,1019,2026-06-29T08:39:32.046172,4b0a4eedfa818df1,retain_in_new_structure,pre-rebuild inventory
up-coverage-metrics-kit/up-coverage-metrics-kit/Gitlab V2 Job Log/V3 UE TestNG reports_files/table.css,10441,2026-06-29T08:39:24.376855,bdfd284557089f41,retain_in_new_structure,pre-rebuild inventory
up-coverage-metrics-kit/up-coverage-metrics-kit/Gitlab V2 Job Log/V3 UE TestNG reports_files/testng-reports.css,5355,2026-06-29T08:39:17.916005,14b90a2415f8f32c,retain_in_new_structure,pre-rebuild inventory
up-coverage-metrics-kit/up-coverage-metrics-kit/Gitlab V2 Job Log/V3 UE TestNG reports_files/testng-reports.js.download,3612,2026-06-29T08:39:19.515862,88d2a0988765ed96,retain_in_new_structure,pre-rebuild inventory
up-coverage-metrics-kit/up-coverage-metrics-kit/Gitlab V2 Job Log/V3 UE TestNG reports_files/testng-reports1.css,7050,2026-06-29T08:39:17.032767,fb091a8a0c0ff41d,retain_in_new_structure,pre-rebuild inventory
up-coverage-metrics-kit/up-coverage-metrics-kit/Gitlab V2 Job Log/V3 UE TestNG reports_files/testng-reports2.js.download,3618,2026-06-29T08:39:33.170144,0cd0609bd983faf6,retain_in_new_structure,pre-rebuild inventory
up-coverage-metrics-kit/up-coverage-metrics-kit/Gitlab V2 Job Log/V3 UE TestNG reports_files/tooltip.css,1524,2026-06-29T08:39:22.442459,2cb6d99c8ba2262a,retain_in_new_structure,pre-rebuild inventory
up-coverage-metrics-kit/up-coverage-metrics-kit/Gitlab V2 Job Log/V3 UE TestNG reports_files/util.css,12720,2026-06-29T08:39:23.349294,e9c9244f08810a75,retain_in_new_structure,pre-rebuild inventory
up-coverage-metrics-kit/up-coverage-metrics-kit/Gitlab V2 Job Log/V3 Unite TestNG reports_files/collapseall.gif,157,2026-06-29T08:40:46.274655,beb0bcad17d652fa,retain_in_new_structure,pre-rebuild inventory
up-coverage-metrics-kit/up-coverage-metrics-kit/Gitlab V2 Job Log/V3 Unite TestNG reports_files/failed.png,977,2026-06-29T08:40:47.298093,af41cabfe9d730d4,retain_in_new_structure,pre-rebuild inventory
up-coverage-metrics-kit/up-coverage-metrics-kit/Gitlab V2 Job Log/V3 Unite TestNG reports_files/format.css,1293,2026-06-29T08:40:41.546011,e96f82f5743dccc9,retain_in_new_structure,pre-rebuild inventory
up-coverage-metrics-kit/up-coverage-metrics-kit/Gitlab V2 Job Log/V3 Unite TestNG reports_files/jquery-3.6.0.min.js.download,89501,2026-06-29T08:40:35.248928,ff1523fb7389539c,retain_in_new_structure,pre-rebuild inventory
up-coverage-metrics-kit/up-coverage-metrics-kit/Gitlab V2 Job Log/V3 Unite TestNG reports_files/jsapi,62428,2026-06-29T08:40:36.917221,369ae154eab37b7a,retain_in_new_structure,pre-rebuild inventory
up-coverage-metrics-kit/up-coverage-metrics-kit/Gitlab V2 Job Log/V3 Unite TestNG reports_files/jsapi_compiled_default_module.js.download,269363,2026-06-29T08:40:42.448902,7e7e72eecf6a4fb2,retain_in_new_structure,pre-rebuild inventory
up-coverage-metrics-kit/up-coverage-metrics-kit/Gitlab V2 Job Log/V3 Unite TestNG reports_files/jsapi_compiled_graphics_module.js.download,24811,2026-06-29T08:40:43.352403,9ad0d8bf9e4659eb,retain_in_new_structure,pre-rebuild inventory
up-coverage-metrics-kit/up-coverage-metrics-kit/Gitlab V2 Job Log/V3 Unite TestNG reports_files/jsapi_compiled_table_module.js.download,2851,2026-06-29T08:40:45.230491,b95e88aa3ddbfb9e,retain_in_new_structure,pre-rebuild inventory
up-coverage-metrics-kit/up-coverage-metrics-kit/Gitlab V2 Job Log/V3 Unite TestNG reports_files/jsapi_compiled_ui_module.js.download,519614,2026-06-29T08:40:44.347983,0867ee1df230c80d,retain_in_new_structure,pre-rebuild inventory
up-coverage-metrics-kit/up-coverage-metrics-kit/Gitlab V2 Job Log/V3 Unite TestNG reports_files/loader.js.download,49299,2026-06-29T08:40:37.947228,15f9c7dcb6d3f3fd,retain_in_new_structure,pre-rebuild inventory
up-coverage-metrics-kit/up-coverage-metrics-kit/Gitlab V2 Job Log/V3 Unite TestNG reports_files/passed.png,1019,2026-06-29T08:40:48.119277,4b0a4eedfa818df1,retain_in_new_structure,pre-rebuild inventory
up-coverage-metrics-kit/up-coverage-metrics-kit/Gitlab V2 Job Log/V3 Unite TestNG reports_files/table.css,10441,2026-06-29T08:40:40.713259,bdfd284557089f41,retain_in_new_structure,pre-rebuild inventory
up-coverage-metrics-kit/up-coverage-metrics-kit/Gitlab V2 Job Log/V3 Unite TestNG reports_files/testng-reports.css,5355,2026-06-29T08:40:33.971569,14b90a2415f8f32c,retain_in_new_structure,pre-rebuild inventory
up-coverage-metrics-kit/up-coverage-metrics-kit/Gitlab V2 Job Log/V3 Unite TestNG reports_files/testng-reports.js.download,3612,2026-06-29T08:40:36.066132,88d2a0988765ed96,retain_in_new_structure,pre-rebuild inventory
up-coverage-metrics-kit/up-coverage-metrics-kit/Gitlab V2 Job Log/V3 Unite TestNG reports_files/testng-reports1.css,7050,2026-06-29T08:40:32.953630,fb091a8a0c0ff41d,retain_in_new_structure,pre-rebuild inventory
up-coverage-metrics-kit/up-coverage-metrics-kit/Gitlab V2 Job Log/V3 Unite TestNG reports_files/testng-reports2.js.download,3618,2026-06-29T08:40:49.095775,0cd0609bd983faf6,retain_in_new_structure,pre-rebuild inventory
up-coverage-metrics-kit/up-coverage-metrics-kit/Gitlab V2 Job Log/V3 Unite TestNG reports_files/tooltip.css,1524,2026-06-29T08:40:38.975515,2cb6d99c8ba2262a,retain_in_new_structure,pre-rebuild inventory
up-coverage-metrics-kit/up-coverage-metrics-kit/Gitlab V2 Job Log/V3 Unite TestNG reports_files/util.css,12720,2026-06-29T08:40:39.809722,e9c9244f08810a75,retain_in_new_structure,pre-rebuild inventory
up-coverage-metrics-kit/up-coverage-metrics-kit/prompts/00-bootstrap-folder-structure.md,1121,2026-06-26T16:25:22.032387,734453190b33cb61,archive,pre-rebuild inventory
up-coverage-metrics-kit/up-coverage-metrics-kit/prompts/01-inventory-scan.md,1365,2026-06-26T16:25:22.064563,20869f25782a5905,archive,pre-rebuild inventory
up-coverage-metrics-kit/up-coverage-metrics-kit/prompts/02-domain-mapping.md,907,2026-06-26T16:25:22.096297,68cbdc47585ec23f,archive,pre-rebuild inventory
up-coverage-metrics-kit/up-coverage-metrics-kit/prompts/03-coverage-matrix.md,1748,2026-06-26T16:25:22.121710,a684a22efb03b003,archive,pre-rebuild inventory
up-coverage-metrics-kit/up-coverage-metrics-kit/prompts/04-gap-analysis.md,854,2026-06-26T16:25:22.143938,df24342d5cd24ad3,archive,pre-rebuild inventory
up-coverage-metrics-kit/up-coverage-metrics-kit/prompts/05-final-report.md,924,2026-06-26T16:25:22.163732,8ba31d60380ecac5,archive,pre-rebuild inventory
up-coverage-metrics-kit/up-coverage-metrics-kit/prompts/06-cursor-self-audit.md,735,2026-06-26T16:25:22.191268,bc63f5760cf7ce01,archive,pre-rebuild inventory
up-coverage-metrics-kit/up-coverage-metrics-kit/templates/domain-coverage-template.md,902,2026-06-26T16:25:22.223001,68fed240bc00221c,archive_or_remove,pre-rebuild inventory
up-coverage-metrics-kit/up-coverage-metrics-kit/templates/executive-report-template.md,1322,2026-06-26T16:25:22.241857,e3b2eb64f3786d1c,archive_or_remove,pre-rebuild inventory
up-coverage-metrics-kit/up-coverage-metrics-kit/up-coverage-metrics-finalization-pack-v2/README-NEXT-STEPS.md,2057,2026-06-26T16:50:03.080679,6f33065ce40a1f8c,archive,pre-rebuild inventory
up-coverage-metrics-kit/up-coverage-metrics-kit/up-coverage-metrics-finalization-pack-v2/00-input-evidence/gitlab/2026-06-26-gitlab-nightly-schedule.png,55741,2026-06-26T17:05:30.725640,b7dc7bc1b042367c,archive,pre-rebuild inventory
up-coverage-metrics-kit/up-coverage-metrics-kit/up-coverage-metrics-finalization-pack-v2/00-input-evidence/gitlab/2026-06-29-v3-ue-testng-303.png,42304,2026-06-29T08:42:42.915547,d707442b39528226,archive,pre-rebuild inventory
up-coverage-metrics-kit/up-coverage-metrics-kit/up-coverage-metrics-finalization-pack-v2/00-input-evidence/gitlab/2026-06-29-v3-unite-idp-testng.png,66525,2026-06-29T08:42:42.982612,c724305fe46893b6,archive,pre-rebuild inventory
up-coverage-metrics-kit/up-coverage-metrics-kit/up-coverage-metrics-finalization-pack-v2/00-input-evidence/jenkins/2026-06-26-idp-performance-suite.png,60090,2026-06-26T17:05:30.560430,14b71269dd5895c4,archive,pre-rebuild inventory
up-coverage-metrics-kit/up-coverage-metrics-kit/up-coverage-metrics-finalization-pack-v2/00-input-evidence/jenkins/2026-06-26-v2-jenkins-build-steps.png,55261,2026-06-26T17:05:30.453863,5dd4894cf8f53f18,archive,pre-rebuild inventory
up-coverage-metrics-kit/up-coverage-metrics-kit/up-coverage-metrics-finalization-pack-v2/00-input-evidence/jenkins/2026-06-26-v2-jenkins-suite-summary.png,93954,2026-06-26T17:05:30.453863,01c420d61ee3bf75,archive,pre-rebuild inventory
up-coverage-metrics-kit/up-coverage-metrics-kit/up-coverage-metrics-finalization-pack-v2/00-input-evidence/regression-reports/2026-06-26-v2-module-report-01.png,95783,2026-06-26T17:59:15.287504,9a44af54d0a7005c,archive,pre-rebuild inventory
up-coverage-metrics-kit/up-coverage-metrics-kit/up-coverage-metrics-finalization-pack-v2/00-input-evidence/regression-reports/2026-06-26-v2-module-report-02.png,143366,2026-06-26T17:59:15.543542,bfecc7e93ca41760,archive,pre-rebuild inventory
up-coverage-metrics-kit/up-coverage-metrics-kit/up-coverage-metrics-finalization-pack-v2/00-input-evidence/regression-reports/2026-06-26-v2-module-report-03.png,133866,2026-06-26T17:59:15.735045,81ae3ce15afb9ec9,archive,pre-rebuild inventory
up-coverage-metrics-kit/up-coverage-metrics-kit/up-coverage-metrics-finalization-pack-v2/00-input-evidence/regression-reports/2026-06-26-v2-module-report-04.png,123561,2026-06-26T17:59:15.869640,36f25df6b01128cf,archive,pre-rebuild inventory
up-coverage-metrics-kit/up-coverage-metrics-kit/up-coverage-metrics-finalization-pack-v2/00-input-evidence/regression-reports/2026-06-26-v2-module-report-05.png,137501,2026-06-26T17:59:16.146513,89be07974fa79779,archive,pre-rebuild inventory
up-coverage-metrics-kit/up-coverage-metrics-kit/up-coverage-metrics-finalization-pack-v2/00-input-evidence/regression-reports/2026-06-26-v2-module-report-06.png,217144,2026-06-26T17:59:16.448738,079155dc2f6d9f2e,archive,pre-rebuild inventory
up-coverage-metrics-kit/up-coverage-metrics-kit/up-coverage-metrics-finalization-pack-v2/00-input-evidence/regression-reports/2026-06-26-v2-module-report-07.png,158852,2026-06-26T17:59:16.660963,d52c63a882429d5d,archive,pre-rebuild inventory
up-coverage-metrics-kit/up-coverage-metrics-kit/up-coverage-metrics-finalization-pack-v2/00-input-evidence/regression-reports/2026-06-26-v2-module-report-08.png,139641,2026-06-26T17:59:16.848364,6bc89a0fc9acb5be,archive,pre-rebuild inventory
up-coverage-metrics-kit/up-coverage-metrics-kit/up-coverage-metrics-finalization-pack-v2/00-input-evidence/regression-reports/2026-06-26-v2-module-report-09.png,222611,2026-06-26T17:59:17.128304,e32508f79d39f62b,archive,pre-rebuild inventory
up-coverage-metrics-kit/up-coverage-metrics-kit/up-coverage-metrics-finalization-pack-v2/00-input-evidence/regression-reports/2026-06-26-v2-module-report-10.png,140397,2026-06-26T17:59:18.091194,a07565dba90f1455,archive,pre-rebuild inventory
up-coverage-metrics-kit/up-coverage-metrics-kit/up-coverage-metrics-finalization-pack-v2/00-input-evidence/regression-reports/2026-06-29-v2-qtest-744-testcases.png,20576,2026-06-29T08:42:42.982612,01f51609e40c1280,archive,pre-rebuild inventory
up-coverage-metrics-kit/up-coverage-metrics-kit/up-coverage-metrics-finalization-pack-v2/02-internal-evidence/archive/05-superseded-prior-assessment.pdf,364883,2026-06-29T08:24:59.971625,26f94f54f927c3d3,archive,pre-rebuild inventory
up-coverage-metrics-kit/up-coverage-metrics-kit/up-coverage-metrics-finalization-pack-v2/02-internal-evidence/execution/00-INTERNAL-reconciliation-and-counts.md,8789,2026-06-29T08:48:12.446478,9b78a204fcaa0349,archive,pre-rebuild inventory
up-coverage-metrics-kit/up-coverage-metrics-kit/up-coverage-metrics-finalization-pack-v2/02-internal-evidence/execution/07-requirement-traceability-matrix.md,6202,2026-06-26T17:18:33.043641,b3e952ed2b160bc8,archive,pre-rebuild inventory
up-coverage-metrics-kit/up-coverage-metrics-kit/up-coverage-metrics-finalization-pack-v2/02-internal-evidence/execution/08-ui-automation-inventory-internal-with-runs.md,6406,2026-06-26T17:19:15.993488,c0da5a17cbfd0221,archive,pre-rebuild inventory
up-coverage-metrics-kit/up-coverage-metrics-kit/up-coverage-metrics-finalization-pack-v2/02-internal-evidence/execution/09-api-endpoint-coverage-matrix-internal.md,6687,2026-06-26T17:19:54.976887,2c1ad81839610c52,archive,pre-rebuild inventory
up-coverage-metrics-kit/up-coverage-metrics-kit/up-coverage-metrics-finalization-pack-v2/02-internal-evidence/execution/11-execution-evidence-ledger.md,11681,2026-06-26T17:17:14.328176,fb48dfda96df6c92,archive,pre-rebuild inventory
up-coverage-metrics-kit/up-coverage-metrics-kit/up-coverage-metrics-finalization-pack-v2/02-internal-evidence/execution/12-nick-validation-pack.md,2585,2026-06-26T17:22:56.775889,6eea2f9109caa917,archive,pre-rebuild inventory
up-coverage-metrics-kit/up-coverage-metrics-kit/up-coverage-metrics-finalization-pack-v2/02-internal-evidence/execution/14-independent-audit-report.md,4275,2026-06-26T17:30:05.932317,c23632d9312b585f,archive,pre-rebuild inventory
up-coverage-metrics-kit/up-coverage-metrics-kit/up-coverage-metrics-finalization-pack-v2/02-internal-evidence/execution/15-final-validation-report.md,4243,2026-06-26T17:34:28.970448,52490745155a22a0,archive,pre-rebuild inventory
up-coverage-metrics-kit/up-coverage-metrics-kit/up-coverage-metrics-finalization-pack-v2/02-internal-evidence/execution/16-source-and-evidence-index.md,2407,2026-06-26T17:23:37.805877,b5832d8a06223e6a,archive,pre-rebuild inventory
up-coverage-metrics-kit/up-coverage-metrics-kit/up-coverage-metrics-finalization-pack-v2/archive/README.md,90,2026-06-26T16:50:03.128751,5fd0f884dc535e4c,archive,pre-rebuild inventory
up-coverage-metrics-kit/up-coverage-metrics-kit/up-coverage-metrics-finalization-pack-v2/archive/2026-06-26-preliminary-assessment/00-source-inventory.md,7725,2026-06-26T16:35:52.229201,8bb63d8e0d661154,archive,pre-rebuild inventory
up-coverage-metrics-kit/up-coverage-metrics-kit/up-coverage-metrics-finalization-pack-v2/archive/2026-06-26-preliminary-assessment/01-domain-mapping.md,7946,2026-06-26T16:36:21.396646,05261158fc59776a,archive,pre-rebuild inventory
up-coverage-metrics-kit/up-coverage-metrics-kit/up-coverage-metrics-finalization-pack-v2/archive/2026-06-26-preliminary-assessment/02-coverage-matrix.md,5449,2026-06-26T16:36:46.283696,65c1772bb6e16b01,archive,pre-rebuild inventory
up-coverage-metrics-kit/up-coverage-metrics-kit/up-coverage-metrics-finalization-pack-v2/archive/2026-06-26-preliminary-assessment/03-gap-analysis.md,5852,2026-06-26T16:37:11.235798,b0d318e2309e1a14,archive,pre-rebuild inventory
up-coverage-metrics-kit/up-coverage-metrics-kit/up-coverage-metrics-finalization-pack-v2/archive/2026-06-26-preliminary-assessment/04-kevin-response-draft.md,4887,2026-06-26T16:37:28.866588,789de12f99170059,archive,pre-rebuild inventory
up-coverage-metrics-kit/up-coverage-metrics-kit/up-coverage-metrics-finalization-pack-v2/archive/2026-06-26-preliminary-assessment/05-review-notes-for-nick.md,2086,2026-06-26T16:37:36.568966,353eac4eb498f2f5,archive,pre-rebuild inventory
up-coverage-metrics-kit/up-coverage-metrics-kit/up-coverage-metrics-finalization-pack-v2/archive/2026-06-26-preliminary-assessment/06-cursor-self-audit.md,4805,2026-06-26T16:37:54.754115,9bd96f2437b2d765,archive,pre-rebuild inventory
up-coverage-metrics-kit/up-coverage-metrics-kit/up-coverage-metrics-finalization-pack-v2/final/00-deliverable-manifest.md,3542,2026-06-29T08:50:16.393033,258f3372cff8eb1c,archive,pre-rebuild inventory
up-coverage-metrics-kit/up-coverage-metrics-kit/up-coverage-metrics-finalization-pack-v2/final/01-executive-summary.md,4098,2026-06-29T08:48:59.934531,2785663d5a7b99d2,archive,pre-rebuild inventory
up-coverage-metrics-kit/up-coverage-metrics-kit/up-coverage-metrics-finalization-pack-v2/final/02-leadership-coverage-dashboard.md,4118,2026-06-29T08:49:31.186064,afcac49b42c8aa88,archive,pre-rebuild inventory
up-coverage-metrics-kit/up-coverage-metrics-kit/up-coverage-metrics-finalization-pack-v2/final/03-gaps-priorities-and-ownership.md,2555,2026-06-29T08:42:36.076540,3fd82fc9082d4dbf,archive,pre-rebuild inventory
up-coverage-metrics-kit/up-coverage-metrics-kit/up-coverage-metrics-finalization-pack-v2/final/04-kevin-rajib-email.md,3312,2026-06-29T08:51:17.579261,5dea3180e0adc293,archive,pre-rebuild inventory
up-coverage-metrics-kit/up-coverage-metrics-kit/up-coverage-metrics-finalization-pack-v2/final/04b-nick-factual-review-email.md,1887,2026-06-29T08:51:29.432166,0a41ea9471c184e3,archive,pre-rebuild inventory
up-coverage-metrics-kit/up-coverage-metrics-kit/up-coverage-metrics-finalization-pack-v2/final/05-universal-platform-automation-assessment.docx,42369,2026-06-29T08:53:32.842949,274486fa6e51491e,archive,pre-rebuild inventory
up-coverage-metrics-kit/up-coverage-metrics-kit/up-coverage-metrics-finalization-pack-v2/final/05-universal-platform-automation-assessment.pdf,370559,2026-06-29T08:54:33.486303,b3a32b77379dda0c,archive,pre-rebuild inventory
up-coverage-metrics-kit/up-coverage-metrics-kit/up-coverage-metrics-finalization-pack-v2/final/06-scope-and-methodology.md,4465,2026-06-29T08:50:54.908546,7c97702643f6d46e,archive,pre-rebuild inventory
up-coverage-metrics-kit/up-coverage-metrics-kit/up-coverage-metrics-finalization-pack-v2/final/07-able-coverage.md,2408,2026-06-29T08:42:36.870526,e324899d2f4e79be,archive,pre-rebuild inventory
up-coverage-metrics-kit/up-coverage-metrics-kit/up-coverage-metrics-finalization-pack-v2/final/08-ui-automation-inventory.md,2906,2026-06-29T08:50:02.570315,54250492c9e7d859,archive,pre-rebuild inventory
up-coverage-metrics-kit/up-coverage-metrics-kit/up-coverage-metrics-finalization-pack-v2/final/09-api-coverage-matrix.md,1623,2026-06-29T08:42:36.978769,56031d309a23d745,archive,pre-rebuild inventory
up-coverage-metrics-kit/up-coverage-metrics-kit/up-coverage-metrics-finalization-pack-v2/final/10-performance-coverage-matrix.md,1197,2026-06-29T08:42:35.954945,723b309f367f1154,archive,pre-rebuild inventory
up-coverage-metrics-kit/up-coverage-metrics-kit/up-coverage-metrics-finalization-pack-v2/final/13-assumptions-limitations-open-items.md,1629,2026-06-29T08:42:36.170413,5d41f767cf87a1f8,archive,pre-rebuild inventory
up-coverage-metrics-kit/up-coverage-metrics-kit/up-coverage-metrics-finalization-pack-v2/final/README.md,1329,2026-06-29T08:50:23.890105,2ba19ee088c922b7,archive,pre-rebuild inventory
up-coverage-metrics-kit/up-coverage-metrics-kit/up-coverage-metrics-finalization-pack-v2/prompts-v2/DOCX-PDF-QA-PROMPT.md,1184,2026-06-26T16:50:03.192252,916ae1519f91fc9a,archive,pre-rebuild inventory
up-coverage-metrics-kit/up-coverage-metrics-kit/up-coverage-metrics-finalization-pack-v2/prompts-v2/INDEPENDENT-RECHECK-PROMPT.md,1556,2026-06-26T16:50:03.224019,21695b9dfaa19ea8,archive,pre-rebuild inventory
up-coverage-metrics-kit/up-coverage-metrics-kit/up-coverage-metrics-finalization-pack-v2/prompts-v2/MASTER-FINALIZATION-PROMPT.md,16793,2026-06-26T16:50:03.256095,78e3bd67c3ae77c1,archive,pre-rebuild inventory
up-coverage-metrics-kit/up-coverage-metrics-kit/up-coverage-metrics-finalization-pack-v2/templates-v2/api-endpoint-coverage-matrix.md,354,2026-06-26T16:50:03.290107,413806ba5d398eed,archive,pre-rebuild inventory
up-coverage-metrics-kit/up-coverage-metrics-kit/up-coverage-metrics-finalization-pack-v2/templates-v2/execution-evidence-ledger.md,237,2026-06-26T16:50:03.314658,afdd83462d89e6f8,archive,pre-rebuild inventory
up-coverage-metrics-kit/up-coverage-metrics-kit/up-coverage-metrics-finalization-pack-v2/templates-v2/leadership-one-page.md,751,2026-06-26T16:50:03.335621,17e55f0e6f371dd3,archive,pre-rebuild inventory
up-coverage-metrics-kit/up-coverage-metrics-kit/up-coverage-metrics-finalization-pack-v2/templates-v2/ownership-routing-matrix.md,271,2026-06-26T16:50:03.351726,bb5ed5b6e58ed2d6,archive,pre-rebuild inventory
up-coverage-metrics-kit/up-coverage-metrics-kit/up-coverage-metrics-finalization-pack-v2/templates-v2/performance-coverage-matrix.md,302,2026-06-26T16:50:03.383624,6855884bf8c7a3d5,archive,pre-rebuild inventory
up-coverage-metrics-kit/up-coverage-metrics-kit/up-coverage-metrics-finalization-pack-v2/templates-v2/requirements-traceability-matrix.md,320,2026-06-26T16:50:03.399734,99db5462c29e3c19,archive,pre-rebuild inventory
up-coverage-metrics-kit/up-coverage-metrics-kit/up-coverage-metrics-finalization-pack-v2/templates-v2/validation-checklist.md,1634,2026-06-26T16:50:03.431974,671f6bfa19bedbbd,archive,pre-rebuild inventory
up-coverage-metrics-kit/up-coverage-metrics-kit/up-coverage-metrics-finalization-pack-v2/work/build_docx.py,18151,2026-06-29T08:52:55.001699,fd212b3bd2f281b8,archive,pre-rebuild inventory
up-coverage-metrics-kit/up-coverage-metrics-kit/up-coverage-metrics-finalization-pack-v2/work/cleanup-log.md,3223,2026-06-29T08:42:35.698450,64614f5d6739064e,archive,pre-rebuild inventory
up-coverage-metrics-kit/up-coverage-metrics-kit/up-coverage-metrics-finalization-pack-v2/work/qa_scan.py,1662,2026-06-29T08:55:21.664523,0531ae5874da2baa,archive,pre-rebuild inventory
up-coverage-metrics-kit/up-coverage-metrics-kit/up-coverage-metrics-finalization-pack-v2/work/README.md,107,2026-06-26T16:50:03.464014,57fdb2f62a96c3ba,archive,pre-rebuild inventory
up-coverage-metrics-kit/up-coverage-metrics-kit/up-coverage-metrics-finalization-pack-v2/work/normalized-data/api-endpoint-coverage.csv,1506,2026-06-29T08:42:36.451843,1e5fafa81f57193d,archive,pre-rebuild inventory
up-coverage-metrics-kit/up-coverage-metrics-kit/up-coverage-metrics-finalization-pack-v2/work/normalized-data/evidence-ledger.csv,2868,2026-06-29T08:42:36.282805,8a935bf913da9d0b,archive,pre-rebuild inventory
up-coverage-metrics-kit/up-coverage-metrics-kit/up-coverage-metrics-finalization-pack-v2/work/normalized-data/performance-coverage.csv,1095,2026-06-29T08:42:36.548739,feffb1ce0dd9405c,archive,pre-rebuild inventory
up-coverage-metrics-kit/up-coverage-metrics-kit/up-coverage-metrics-finalization-pack-v2/work/normalized-data/requirement-traceability.csv,1272,2026-06-29T08:42:36.349022,304a6fd9d580e33e,archive,pre-rebuild inventory
up-coverage-metrics-kit/up-coverage-metrics-kit/up-coverage-metrics-finalization-pack-v2/work/rendered-review/05-assessment-fresh.pdf,364992,2026-06-26T18:17:14.573516,d2f7582fa6a02d06,archive,pre-rebuild inventory
up-coverage-metrics-kit/up-coverage-metrics-kit/up-coverage-metrics-finalization-pack-v2/work/rendered-review/docx-extracted.txt,10488,2026-06-29T08:36:46.988370,70bb705a47d2da8e,archive,pre-rebuild inventory
up-coverage-metrics-kit/up-coverage-metrics-kit/up-coverage-metrics-finalization-pack-v2/work/rendered-review/docx-pdf-qa.md,3335,2026-06-29T08:56:57.617275,7438670a918f50e4,archive,pre-rebuild inventory
up-coverage-metrics-kit/up-coverage-metrics-kit/up-coverage-metrics-finalization-pack-v2/work/source-inventory/00-source-inventory.md,1836,2026-06-29T08:42:36.225578,fd6a1198452a4055,archive,pre-rebuild inventory
